Book Link,Book Image,Description
https://amzn.to/2NuXJ0q,https://wsvincent.com/assets/images/bestpythonbooks/python_for_kids.jpg,Good for beginners of all ages.
https://amzn.to/2oMWADF,https://wsvincent.com/assets/images/bestpythonbooks/teach_your_kids.jpg,"Suitable for everyone, not just parents & kids."
https://amzn.to/2okggMH,https://wsvincent.com/assets/images/bestpythonbooks/python_crash_course.jpg,Fantastic and well-written project-based intro.
https://amzn.to/2nkN7lu,https://wsvincent.com/assets/images/bestpythonbooks/automate_the_boring_stuff.png,Practical examples for total beginners.
https://amzn.to/2LtAHqE,https://wsvincent.com/assets/images/bestpythonbooks/think_python.jpg,Elegant intro to Python and computer science.
https://amzn.to/2Ab5Fyu,https://wsvincent.com/assets/images/bestpythonbooks/invent_your_own_computer_games.png,Build multiple games and learn Python basics.
https://amzn.to/2Aer8GT,https://wsvincent.com/assets/images/bestpythonbooks/python_machine_learning.jpg,Demystifies both Python and machine learning.
https://amzn.to/2NRPvAG,https://wsvincent.com/assets/images/bestpythonbooks/python_101.jpg,Highly accessible and practical introduction to Python.
http://amzn.to/2ovfgsR,https://wsvincent.com/assets/images/bestpythonbooks/fluent_python.jpg,"A masterful, well-written guide. Highly recommended."
http://amzn.to/2nCqivT,https://wsvincent.com/assets/images/bestpythonbooks/effective_python.jpg,Wonderful collection of Python best practices.
http://amzn.to/2oRjgAC,https://wsvincent.com/assets/images/bestpythonbooks/python_cookbook.jpg,A comprehensive reference on all parts of Python.
https://amzn.to/2LSlOdL,https://wsvincent.com/assets/images/bestpythonbooks/learning_python.jpg,The classic text for learning Python.
https://amzn.to/2AeI5ks,https://wsvincent.com/assets/images/bestpythonbooks/deep_learning_python.jpg,Friendly guide to Python and computer science.
https://amzn.to/2A9wJya,https://wsvincent.com/assets/images/bestpythonbooks/python_tricks.jpg,Nonstop tips to write truly Pythonic code.
https://amzn.to/2DJPkTf,https://wsvincent.com/assets/images/bestpythonbooks/python_201.jpg,Level up your Python with intermediate concepts.
https://amzn.to/2WRiQeJ,https://wsvincent.com/assets/images/bestpythonbooks/pytest.jpg,Write better tests with the PyTest package.
