Assignment Name,Class Name,Due Date
HW7,INTRO TO ECE CONCEPTS - MCPHERSON ASSIGNMENT,"April, 22 2019 11:59 PM."
Textbook Reading Quiz 12 - Chapter 13 (13.2 - 13.6),PHYS2305-S2019-8M QUIZ,"April, 22 2019 7:30 AM."
Oral Presentation: 2-3 Min. Speech AND Bibliography,FIRST-YEAR WRITING: SPRING 2019 ASSIGNMENT,"April, 23 2019 10:00 AM."
"Section 5.2, 5.3",INTRODUCTION TO LINEAR ALGEBRA CALENDAR EVENT,"April, 23 2019."
Homework 8,INTRODUCTION TO LINEAR ALGEBRA ASSIGNMENT,"April, 23 2019 11:59 PM."
PHYS 2305 Exam Review Session,PHYS2305-S2019-8M CALENDAR EVENT,"April, 24 2019 8:30 PM until 9:30 PM"
"P15 Progress Evaluation, Week 13 (In-Class)",ENGE 1216 S19 CHAMBERS ASSIGNMENT,"April, 25 2019 11:55 PM."
Essay 3 Annotated Bibliography Draft 1,FIRST-YEAR WRITING: SPRING 2019 ASSIGNMENT,"April, 25 2019 10:00 AM."
Section 7.3,INTRODUCTION TO LINEAR ALGEBRA CALENDAR EVENT,"April, 25 2019."
5.2 Homework,INTRODUCTION TO LINEAR ALGEBRA ASSIGNMENT,"April, 25 2019 11:59 PM."
PHYS 2305 Exam 3,PHYS2305-S2019-8M CALENDAR EVENT,"April, 26 2019 5:30 PM until 7:30 PM"
P16 Final Presentation and Slides,ENGE 1216 S19 CHAMBERS ASSIGNMENT,"April, 29 2019 12:00 PM."
Textbook Reading Quiz 13 - Chapters 18 & 19 (19.1 - 19.6),PHYS2305-S2019-8M QUIZ,"April, 29 2019 7:30 AM."
Essay 3 Proposal Draft 1,FIRST-YEAR WRITING: SPRING 2019 ASSIGNMENT,"April, 30 2019 10:00 AM."
Review Day,INTRODUCTION TO LINEAR ALGEBRA CALENDAR EVENT,"April, 30 2019."
Test 3,INTRODUCTION TO LINEAR ALGEBRA ASSIGNMENT,"May, 2 2019 11:59 PM."
Physics and Society Reading Quiz 2,PHYS2305-S2019-8M QUIZ,"May, 3 2019 11:59 PM."
P17 Final Design Report,ENGE 1216 S19 CHAMBERS ASSIGNMENT,"May, 8 2019 11:45 PM."
P18 Peer Review 2,ENGE 1216 S19 CHAMBERS ASSIGNMENT,"May, 8 2019 11:45 PM."
V2 SPOT Survey,ENGE 1216 S19 CHAMBERS ASSIGNMENT,"May, 8 2019 11:45 PM."
V3 ENGE End of Semester Survey,ENGE 1216 S19 CHAMBERS ASSIGNMENT,"May, 8 2019 11:45 PM."
PHYS 2305 Final exam,PHYS2305-S2019-8M CALENDAR EVENT,"May, 14 2019 7:00 PM until 9:00 PM"
